{"o": 0.04854368932038835, "e": 0.1262135922330097, "<SOS>": 0.13592233009708737, "<EOS>": 0.13592233009708737, "q": 0.13592233009708737, "r": 0.13592233009708737, "t": 0.1262135922330097, "w": 0.13592233009708737, "UNK": 0.13592233009708737}